"銝?,"???
"??,"???
"??,"??"
"??,"??"
"鈭?,"?怩?
"??,"???"
"??,"?押?"
"撠?,"?扼?"
"隞?,"??﹌?
"摮?,"??瓦?
"撠?,"?扼?"
"撌?,"??"
"瘞?,"???
"??,"?具?"
"??,"?"
"瘥?,"???"
"鈭?,"??瓦?
"??,"??"
"??,"??﹌?
"??,"?具?"
"鈭?,"??"
"隞?,"???
"銝?,"???
"??,"?"
"摰?,"??
"摰?,"?怩?
"??,"??"
"??,"?"
"瘙?,"???
"瘙?,"??
"??,"?"
"??,"??
"蝐?,"??"
"蝢?,"?扼?"
"銵?,"??
"雿?,"???"
"雿?,"??瓦?
"雿?,"??"
"雿?,"?怩?
"雿?,"???"
"??,"???
"??,"??"
"??,"??"
"??,"?佯?
"??,"??"
"摰?,"??瓦?
"撗?,"??"
"撌?,"?佯?
"瘝?,"??"
"瘝?,"??"
"??,"??"
"摮?,"??"
"??,"???
"??,"???
"??,"??"
"??,"???
"??,"???"
"??,"???
"摮?,"??"
"蝡?,"??"
"??,"???
"?","??"
"撗?,"?押??"
"蟡?,"??"
"??,"?"
"?","??
"靘?,"??"
"靽?,"?怩?
"??,"??"
"??,"??"
"??,"??"
"摰?,"???
"憪?,"?扼??"
"憪?,"???
"撠?,"?"
"撣?,"???
"瘣?,"??瓦?
"瘣?,"??〩?
"靽?,"???
"??,"??瓦?
"??,"?押?"
"瘚?,"??"
"瘨?,"??"
"瘚?,"???"
"憭?,"???
"摮?,"???
"憪?,"?"
"摰?,"???
"摰?,"??瓦?
"??,"??"
"撣?,"??"
"撣?,"??
"敺?,"??"
"撅?,"??"
"??,"???"
"??,"???"
"??,"??
"??,"?扼?"
"??,"???"
"??,"????
"獢?,"???
"蟡?,"??"
"??,"???"
"獢?,"?"
"畾?,"?扼"
"撘萇陛","???〩?
"??,"???
"??,"?"
"??,"??"
"??,"??"
"??,"???"
"??,"???"
"璇?,"???"
"璇?,"??卞?
"??,"?"
"??,"??
"??,"??〩?
"??,"???
"??,"???"
"??,"??"
"??,"??"
"蝡?,"?"
"蝚?,"??"
"蝎?,"??〩?
"暻?,"???"
"暽?,"??"
"暻?,"???"
"閮?,"??"
"??,"??"
"擐?,"??"
"??,"???"
"??,"?怩?
"??,"?押?"
"??,"??卞?
"暺?,"??卞?
"皞?,"?具"
"憛?,"??"
"??,"?"
"??,"??
"頛?,"???"
"璆?,"?扼?"
"璆?,"??"
"??,"???
"??,"?扼??"
"??,"??瓦?
"??,"???"
"??,"?具?"
"??,"?怩?
"鋆?,"??﹌?
"閫?,"???
"閰?,"?"
"鞈?,"???
"鞎?,"???"
"頝?,"??"
"颲?,"??瓦?
"蝬?,"???
"??,"???"
"??,"????
"撱?,"???
"瞏?,"?"
"??,"??"
"??,"??"
"擳?,"??"
"璅?,"??"
"璅?,"???
"璅?,"?押??"
"皛?,"??"
"甇?,"??
"甇","???扼?"
"??,"??
"??,"???"
"??,"??卞?
"??,"??"
"暺?,"??"
"蝺?,"??〩?
"鞈?,"???"
"隢?,"?"
"銵?,"?具??"
"璈?,"?"
"??,"??"
"??,"?扼"
"蝛?,"??"
"??,"??"
"隢?,"??"
"??,"??〩?
"??,"??"
"憿?,"?扼?"
"擳?,"?具??"
"樴?,"??"
"??,"??卞?
"??,"???
"蝢?,"???
"霅?,"??"
"??,"???
"??,"?扼?"
"??,"?"
"??,"????
"蝡?,"??"
"??,"??"
"隞?,"??瓦?
"??,"??"
"??,"??"
"??,"??
"?詨?","????"
"??,"??
"撌?,"???
"??,"?"
"??,"??〩?
"??,"???"
"??,"??"
"??,"??
"隞?,"??"
"隡?,"?佯?
"隞?,"??瓦?
"隡?,"??
"??,"??〩?
"??,"???
"??,"?具??"
"??,"??"
"??,"??"
"??,"??卞?
"??,"??"
"??,"??"
"??,"??"
"??,"??"
"??,"??"
"??,"??"
"??,"??瓦?
"??,"??〩?
"靚?,"??"
"頠?,"??"
"鞎?,"???"
"颲?,"???
"??,"???
"??,"?"
"撠?,"??"
"摰?,"???
"摰?,"?弄?
"摰?,"???
"撅?,"?"
"撅?,"?"
"撟?,"??瓦?
"甇?,"?佯?
"??,"?"
"??,"??瓦?
"??,"?弄?
"??,"????
"??,"??"
"??,"???
"??,"??
"??,"??"
"??,"??"
"??,"??"
"??,"??﹌?
"??,"???"
"??,"???
,"??卞?
"??,"?怩?
"畾?,"??〩?
"??,"??"
"??,"??"
"??","?????
"??,"???
"??,"???"
"??,"???"
"??,"?押?"
"??,"?扼"
"??,"?"
"蝘?,"???
"蝳?,"?怩?
"蝝","??"
"閮?,"??"
"??,"?具??"
"憸?,"?"
"??,"??"
"??,"??"
"??,"??
"??,"??"
"鋡?,"?押?"
"憟?,"?"
"蟡?,"??"
"??,"?"
"??,"???
"??,"??﹌?
"蝘?,"????
"蝧?,"?具"
"蝝?,"???
"??,"??"
"鞎?,"??瓦?
"擐?,"???"
"擃?,"??"
"??,"???
"?","??
"??,"?"
"撖?,"??"
"撅?,"??"
"撠?,"?具??"
,"?怩?
"撣?,"??"
"撏?,"???
"摨?,"?"
"憍?,"??"
"撘?,"?"
"??,"??"
"??,"???
"敶?,"??"
"撖?,"??"
"??,"??瓦?
"??,"?"
"皜?,"?扼?"
"皝?,"?"
"??,"???
"??,"??
"??,"?扼?"
"??,"???
"??,"???
"??,"??
"??,"???
"??,"???
"蝔?,"??"
"撋?,"?"
"蝡?,"??瓦?
"蝎?,"??"
"閬?,"????
"??,"?"
"颲?,"?"
"鞈","???"
"鞎?,"???"
"??,"??﹌?
"??,"????
"憯?,"??"
"瞍?,"?"
"??,"?扼"
"??,"?扼?"
"璁?,"??瓦?
"??,"??瓦?
"??,"??"
"??,"??"
"??,"???"
"??,"???
"??,"?"
"蝡?,"???
"蝡舀","??Ｕ??佯?
"銴?,"??"
"??,"???"
"鋆?,"???"
"蝞?,"??〩?
"蝬?,"??"
"頞?,"???"
"蝧?,"???"
"??,"?具?"
"??,"?"
"?","?扼?"
"朣?,"??"
"??,"??﹌?
"??,"??"
"璅?,"??"
"??,"?扼?"
"??,"???
"擏?,"???
"擙?,"???"
"樴?,"??瓦?
"蝳?,"???
"??,"???
"??,"?扼?"
"??,"???"
"??,"???"
"??,"???
"瞈?,"??"
"蝟?,"??"
"蝜?,"???
"雓?,"???
"??,"??"
"??,"???
"??,"??"
"??,"??"
"??,"???"
"??,"??瓦?
"??,"??"
"蝪?,"??〩?
"??,"???
"甇?,"???
"鞊?,"?"
"??,"???
"蝐?,"??"
"??,"???
"??,"??"
"暺?,"??"
"??,"??"
"憿?,"??"
"擖?,"???"
"??,"??"
"甈?,"??〩?
"樴?,"???
"甈?,"??〩?
